example7.json, Ip
example8.json, Ip, Es
example9.json, Ip, Es, Ed
example10.json, Ip, Es, Ed, Is
example11.json, Ip, Es, Ed, Id
example12.json, Ip, Es, Ed, Is, Id
example13.json, Ip, Es, Ed, Is, Id, Ps(tcp)
example14.json, Ip, Es, Ed, Is, Id, Ps(tcp), Pd(tcp)
example15.json, Ip, Id
example16.json, Ip, Pd(tcp)
example17.json, Ip, Is, Id, Ps(tcp), Pd(tcp)
example18.json, Ip, v
example19.json, Ip, Ps(tcp)
example20.json, Ip, Pd(tcp)
example21.json, Ip, Ps(udp)
example22.json, Ip, Pd(udp)
example23.json, Ip, Ed
example24.json, Ip, v, Es
example25.json, Ip, Ps(tcp), Es
example26.json, Ip, Pd(tcp), Es
example27.json, Ip, Ps(udp), Es
example28.json, Ip, Pd(udp), Es
example29.json, Ip, v, Ed
example30.json, Ip, Ps(tcp), Ed
example31.json, Ip, Pd(tcp), Ed
example32.json, Ip, Ps(udp), Ed
example33.json, Ip, Pd(udp), Ed
example34.json, Ip, v, Ps(tcp)
example35.json, Ip, Pd(tcp), Ps(tcp)
example36.json, Ip, Pd(udp), Ps(tcp)
example37.json, Ip, v, Pd(tcp)
example38.json, Ip, v, Es, Ed
example39.json, Ip, Ps(tcp), Es, Ed
example40.json, Ip, Ps(udp), Es, Ed
example41.json, Ip, Pd(tcp), Es, Ed
example42.json, Ip, Pd(udp), Es, Ed

